{"C":{"bar":2.3073661173,"foo":-0.7602840104},"D":{"bar":-0.603539339,"foo":-1.0110658004}}